"dato01",""dato02"",""dato, 03"","relleno3","relleno4"
"dato11",""dato12"",""dato, 13"","relleno3","relleno4"
"dato21",""dato22"",""dato, 23"","relleno3","relleno4"
"dato31",""dato32"",""dato, 33"","relleno3","relleno4"
"dato41",""dato42"",""dato, 43"","relleno3","relleno4"
"datoA1",""datoA2"",""dato, A3"","relleno3","relleno4"
"dato51",""dato52"",""dato, 53"","relleno3","relleno4"
"dato61",""dato62"",""dato, 63"","relleno3","relleno4"
"dato71",""dato72"",""dato, 73"","relleno3","relleno4"
"dato81",""dato82"",""dato, 83"","relleno3","relleno4"
"dato91",""dato92"",""dato, 93"","relleno3","relleno4"
